Model,Accuracy,Macro F1
RandomForest,0.989423076923077,0.9897226343997931
XGBoost,0.9875,0.9850220615343666
LightGBM,0.9836538461538461,0.9815358431570989
LogisticRegression,0.9730769230769231,0.9725420846334409
